"","V1","page","province","region","position","district","votes","proclamation_date","name","party","has_nickname"
"1","FARI헤S, RODOLFO C.           RUDY                                  INDEPENDENT              56,369   May 15,1998","1/9","ILOCOS NORTE","01","congressman","1ST DISTRICT"," 56,369","May 15,1998","FARI헤S, RODOLFO C.","INDEPENDENT",TRUE
"2","RUIZ, GUILLERMO R.            GEN. BILL RUIZ                        LAKAS NUCD-UMDP          46,072","1/9","ILOCOS NORTE","01","congressman","1ST DISTRICT"," 46,072",NA,"RUIZ, GUILLERMO R.","LAKAS NUCD-UMDP",TRUE
"3","GUERRERO, ARNOLD V.           BOBOT                                 INDEPENDENT              2,861","1/9","ILOCOS NORTE","01","congressman","1ST DISTRICT"," 2,861",NA,"GUERRERO, ARNOLD V.","INDEPENDENT",TRUE
"4","MANOTOC, MA. IMELDA M.        IMEE                                  KBL                      65,733   May 14,1998","1/9","ILOCOS NORTE","01","congressman","2ND DISTRICT"," 65,733","May 14,1998","MANOTOC, MA. IMELDA M.","KBL",TRUE
"5","VALDEZ, SIMEON M.             SIMMY                                 LAKAS NUCD-UMDP          21,065","1/9","ILOCOS NORTE","01","congressman","2ND DISTRICT"," 21,065",NA,"VALDEZ, SIMEON M.","LAKAS NUCD-UMDP",TRUE
"6","NALUPTA, JESUS R.             UKOY                                  NPC                      15,909","1/9","ILOCOS NORTE","01","congressman","2ND DISTRICT"," 15,909",NA,"NALUPTA, JESUS R.","NPC",TRUE
"7","MARCOS, FERDINAND JR. R.      BONGBONG                              KBL                     173,810   May 15,1998","1/9","ILOCOS NORTE","01","governor",""," 173,810","May 15,1998","MARCOS, FERDINAND JR. R.","KBL",TRUE
"8","ABLAN, ROQUE JR. R.           ROQUE                                 LAKAS NUCD-UMDP          42,298","1/9","ILOCOS NORTE","01","governor",""," 42,298",NA,"ABLAN, ROQUE JR. R.","LAKAS NUCD-UMDP",TRUE
"9","NALUPTA, MARIANO JR. R.       JUN-ANNO                              KBL                      97,316   May 15,1998","1/9","ILOCOS NORTE","01","vice governor",""," 97,316","May 15,1998","NALUPTA, MARIANO JR. R.","KBL",TRUE
"10","ABADILLA, SUSAN S.            SUSAN                                 KBL                      56,902","1/9","ILOCOS NORTE","01","vice governor",""," 56,902",NA,"ABADILLA, SUSAN S.","KBL",TRUE
"11","PERALTA, RENATO MA. R.        RP                                    INDEPENDENT              51,946","1/9","ILOCOS NORTE","01","vice governor",""," 51,946",NA,"PERALTA, RENATO MA. R.","INDEPENDENT",TRUE
"12","SALENDA, AMEURFINA R.         AMOR                                  LAMMP                    54,358   May 15,1998","1/9","ILOCOS NORTE","01","board member","1ST DISTRICT"," 54,358","May 15,1998","SALENDA, AMEURFINA R.","LAMMP",TRUE
"13","BARBERS, ANGELITA V.          LITA                                  KBL                      44,112   May 15,1998","1/9","ILOCOS NORTE","01","board member","1ST DISTRICT"," 44,112","May 15,1998","BARBERS, ANGELITA V.","KBL",TRUE
"14","SALES, TEODORO B.             TEDDY                                 LAMMP                    42,209   May 15,1998","1/9","ILOCOS NORTE","01","board member","1ST DISTRICT"," 42,209","May 15,1998","SALES, TEODORO B.","LAMMP",TRUE
"15","BUENO, PURISIMA A.            PURING                                LAKAS NUCD-UMDP          38,606   May 15,1998","1/9","ILOCOS NORTE","01","board member","1ST DISTRICT"," 38,606","May 15,1998","BUENO, PURISIMA A.","LAKAS NUCD-UMDP",TRUE
"16","ARQUILLO, MACARIO D.          MAC                                   LAKAS NUCD-UMDP          33,564   May 15,1998","1/9","ILOCOS NORTE","01","board member","1ST DISTRICT"," 33,564","May 15,1998","ARQUILLO, MACARIO D.","LAKAS NUCD-UMDP",TRUE
"17","LAZO, VICENTITO M.            TOTO                                  LAKAS NUCD-UMDP          29,533","1/9","ILOCOS NORTE","01","board member","1ST DISTRICT"," 29,533",NA,"LAZO, VICENTITO M.","LAKAS NUCD-UMDP",TRUE
"18","ABLAN, MANUEL M.              NONONG                                LAKAS NUCD-UMDP          26,704","1/9","ILOCOS NORTE","01","board member","1ST DISTRICT"," 26,704",NA,"ABLAN, MANUEL M.","LAKAS NUCD-UMDP",TRUE
"19","BALINTONA, EDITO ALBERTO G.   EDDIE                                 LAKAS NUCD-UMDP          25,816","1/9","ILOCOS NORTE","01","board member","1ST DISTRICT"," 25,816",NA,"BALINTONA, EDITO ALBERTO G.   EDDIE","",TRUE
"20","REYES, LOLITA L.              BOMBO LITA                            LAMMP                    23,049","1/9","ILOCOS NORTE","01","board member","1ST DISTRICT"," 23,049",NA,"REYES, LOLITA L.","LAMMP",TRUE
"21","PALAFOX, ANTONIO C.           GEN. PALAFOX                          KBL                      19,445","1/9","ILOCOS NORTE","01","board member","1ST DISTRICT"," 19,445",NA,"PALAFOX, ANTONIO C.","KBL",TRUE
"22","AGTANG, JAIME V.              JIMMY                                 REPORMA                  18,754","1/9","ILOCOS NORTE","01","board member","1ST DISTRICT"," 18,754",NA,"AGTANG, JAIME V.","REPORMA",TRUE
"23","FARI헤S, WILLIAM T.           BILL                                  KBL                      16,076","1/9","ILOCOS NORTE","01","board member","1ST DISTRICT"," 16,076",NA,"FARI헤S, WILLIAM T.","KBL",TRUE
"24","ROMERO, BIENVENIDO JR. D.      DR. ROMERO                          LP                       13,150","2/9","ILOCOS NORTE","01","board member","1ST DISTRICT"," 13,150",NA,"ROMERO, BIENVENIDO JR. D.","LP",TRUE
"25","MADAMBA, ISIDRO S.             SIDRING                             LP                       10,558","2/9","ILOCOS NORTE","01","board member","1ST DISTRICT"," 10,558",NA,"MADAMBA, ISIDRO S.","LP",TRUE
"26","ANCHETA, GUILLERMO D.          TORANG                              LAMMP                    1,807","2/9","ILOCOS NORTE","01","board member","1ST DISTRICT"," 1,807",NA,"ANCHETA, GUILLERMO D.","LAMMP",TRUE
"27","LAGASCA, MANUEL P.             NOLONG                              LP                       1,397","2/9","ILOCOS NORTE","01","board member","1ST DISTRICT"," 1,397",NA,"LAGASCA, MANUEL P.","LP",TRUE
"28","CU, MELCHOR P.                 MELCHOR                             LP                        742","2/9","ILOCOS NORTE","01","board member","1ST DISTRICT"," 742",NA,"CU, MELCHOR P.","LP",TRUE
"29","CHUA, WINDELL D.               WINDELL                             LAKAS NUCD-UMDP          61,034   May 15,1998","2/9","ILOCOS NORTE","01","board member","2ND DISTRICT"," 61,034","May 15,1998","CHUA, WINDELL D.","LAKAS NUCD-UMDP",TRUE
"30","AGUINALDO, FE A.               FE                                  LAKAS NUCD-UMDP          53,736   May 15,1998","2/9","ILOCOS NORTE","01","board member","2ND DISTRICT"," 53,736","May 15,1998","AGUINALDO, FE A.","LAKAS NUCD-UMDP",TRUE
"31","CRISOSTOMO, DA VINCI M.        ABOGADO DA VINCI                    LAKAS NUCD-UMDP          41,801   May 15,1998","2/9","ILOCOS NORTE","01","board member","2ND DISTRICT"," 41,801","May 15,1998","CRISOSTOMO, DA VINCI M.","LAKAS NUCD-UMDP",TRUE
"32","ABADILLA, CARLITO N.           LITO                                INDEPENDENT              41,556   May 15,1998","2/9","ILOCOS NORTE","01","board member","2ND DISTRICT"," 41,556","May 15,1998","ABADILLA, CARLITO N.","INDEPENDENT",TRUE
"33","PARADO, WILFREDO P.            IPPING                              LAKAS NUCD-UMDP          39,616   May 15,1998","2/9","ILOCOS NORTE","01","board member","2ND DISTRICT"," 39,616","May 15,1998","PARADO, WILFREDO P.","LAKAS NUCD-UMDP",TRUE
"34","CAJIGAL, ANTONIO R.            TONY                                INDEPENDENT              35,449","2/9","ILOCOS NORTE","01","board member","2ND DISTRICT"," 35,449",NA,"CAJIGAL, ANTONIO R.","INDEPENDENT",TRUE
"35","PARADO, OSWALDO IV C.          NICK                                NPC                      27,689","2/9","ILOCOS NORTE","01","board member","2ND DISTRICT"," 27,689",NA,"PARADO, OSWALDO IV C.","NPC",TRUE
"36","BACTAT, CATALINO -             TALIN                               KBL                      2,163","2/9","ILOCOS NORTE","01","board member","2ND DISTRICT"," 2,163",NA,"BACTAT, CATALINO -","KBL",TRUE
"37","RIGUIS, WILSON B.              WILSON                              KBL                      1,873","2/9","ILOCOS NORTE","01","board member","2ND DISTRICT"," 1,873",NA,"RIGUIS, WILSON B.","KBL",TRUE
"38","ESQUIVEL, AMOR -               ESQ                                 PRP                      1,869","2/9","ILOCOS NORTE","01","board member","2ND DISTRICT"," 1,869",NA,"ESQUIVEL, AMOR -","PRP",TRUE
"39","ALICANTE, TOMAS D.             TOMMY                               REPORMA                  1,201","2/9","ILOCOS NORTE","01","board member","2ND DISTRICT"," 1,201",NA,"ALICANTE, TOMAS D.","REPORMA",TRUE
"40","GUITTAP, CRISCENTE B.          CRIS                                KBL                      1,162","2/9","ILOCOS NORTE","01","board member","2ND DISTRICT"," 1,162",NA,"GUITTAP, CRISCENTE B.","KBL",TRUE
"41","BATERINA, SALACNIB F.           NIB                                LAMMP                    51,103   May 14,1998","3/9","ILOCOS SUR","01","congressman","1ST DISTRICT"," 51,103","May 14,1998","BATERINA, SALACNIB F.","LAMMP",TRUE
"42","TAJON, MARIANO M.               MAR/ANING                          LAKAS NUCD-UMDP          46,882","3/9","ILOCOS SUR","01","congressman","1ST DISTRICT"," 46,882",NA,"TAJON, MARIANO M.","LAKAS NUCD-UMDP",TRUE
"43","SINGSON, GRACE G.               GRACE                              LAKAS NUCD-UMDP          66,125   May 14,1998","3/9","ILOCOS SUR","01","congressman","2ND DISTRICT"," 66,125","May 14,1998","SINGSON, GRACE G.","LAKAS NUCD-UMDP",TRUE
"44","VALLE, VIRGILIO J.              -                                  LAMMP                    64,338","3/9","ILOCOS SUR","01","congressman","2ND DISTRICT"," 64,338",NA,"VALLE, VIRGILIO J.","",TRUE
"45","SINGSON, LUIS C.                CHAVIT                             LAMMP                   138,958   May 14,1998","3/9","ILOCOS SUR","01","governor",""," 138,958","May 14,1998","SINGSON, LUIS C.","LAMMP",TRUE
"46","SINGSON, ERIC D.                ERIC                               LAKAS NUCD-UMDP          95,732","3/9","ILOCOS SUR","01","governor",""," 95,732",NA,"SINGSON, ERIC D.","LAKAS NUCD-UMDP",TRUE
"47","ANICETO, RODOLFO F.             RUDY                               INDEPENDENT              1,117","3/9","ILOCOS SUR","01","governor",""," 1,117",NA,"ANICETO, RODOLFO F.","INDEPENDENT",TRUE
"48","PAREL, HILARIO P.               LARRY                              REPORMA                   176","3/9","ILOCOS SUR","01","governor",""," 176",NA,"PAREL, HILARIO P.","REPORMA",TRUE
"49","SAVELLANO, DEOGRACIAS VICTOR B. DV                                 LAMMP                   127,708   May 14,1998","3/9","ILOCOS SUR","01","vice governor",""," 127,708","May 14,1998","SAVELLANO, DEOGRACIAS VICTOR B. DV","",TRUE
"50","SOLLER-TAN, ANDREA G.           DELY                               LAKAS NUCD-UMDP          80,539","3/9","ILOCOS SUR","01","vice governor",""," 80,539",NA,"SOLLER-TAN, ANDREA G.","LAKAS NUCD-UMDP",TRUE
"51","VILLANUEVA, FIDEL JR. D.        BOY                                LP                       13,631","3/9","ILOCOS SUR","01","vice governor",""," 13,631",NA,"VILLANUEVA, FIDEL JR. D.","LP",TRUE
"52","MAULIT, LIGHTNER T.             LIGAT                              REPORMA                   385","3/9","ILOCOS SUR","01","vice governor",""," 385",NA,"MAULIT, LIGHTNER T.","REPORMA",TRUE
"53","RAFANAN, EFREN A.               RAMBO                              LAMMP                    56,075   May 14,1998","3/9","ILOCOS SUR","01","board member","1ST DISTRICT"," 56,075","May 14,1998","RAFANAN, EFREN A.","LAMMP",TRUE
"54","SINGSON, JEREMIAS C.            JERRY                              LAMMP                    52,099   May 14,1998","3/9","ILOCOS SUR","01","board member","1ST DISTRICT"," 52,099","May 14,1998","SINGSON, JEREMIAS C.","LAMMP",TRUE
"55","OANDASAN, CONSTANTE T.          TANTE                              LAMMP                    43,884   May 14,1998","3/9","ILOCOS SUR","01","board member","1ST DISTRICT"," 43,884","May 14,1998","OANDASAN, CONSTANTE T.","LAMMP",TRUE
"56","TESORO, ORLINO T.               ORLING                             LAMMP                    42,022   May 14,1998","3/9","ILOCOS SUR","01","board member","1ST DISTRICT"," 42,022","May 14,1998","TESORO, ORLINO T.","LAMMP",TRUE
"57","JAVIER, LITA T.                 LITA                               REPORMA                  33,330   May 14,1998","3/9","ILOCOS SUR","01","board member","1ST DISTRICT"," 33,330","May 14,1998","JAVIER, LITA T.","REPORMA",TRUE
"58","TAJON-LUZ, MARGIE O.            MARGIE                             LAKAS NUCD-UMDP          30,756","3/9","ILOCOS SUR","01","board member","1ST DISTRICT"," 30,756",NA,"TAJON-LUZ, MARGIE O.","LAKAS NUCD-UMDP",TRUE
"59","TOBIA, MANUEL H.                QUEZON                             REPORMA                  19,949","3/9","ILOCOS SUR","01","board member","1ST DISTRICT"," 19,949",NA,"TOBIA, MANUEL H.","REPORMA",TRUE
"60","BALLESTEROS, GIL R.             KUMANDER BANAT                     LAKAS NUCD-UMDP          19,795","3/9","ILOCOS SUR","01","board member","1ST DISTRICT"," 19,795",NA,"BALLESTEROS, GIL R.","LAKAS NUCD-UMDP",TRUE
"61","JARAMILLA, ROGELIO J.           ROGER                              LAKAS NUCD-UMDP          17,566","3/9","ILOCOS SUR","01","board member","1ST DISTRICT"," 17,566",NA,"JARAMILLA, ROGELIO J.","LAKAS NUCD-UMDP",TRUE
"62","AZCUETA, CRESCENCIO JR. -       JAY-R                              LAKAS NUCD-UMDP          16,758","3/9","ILOCOS SUR","01","board member","1ST DISTRICT"," 16,758",NA,"AZCUETA, CRESCENCIO JR. -","LAKAS NUCD-UMDP",TRUE
"63","ARGEL, FACIFICO L.              CHICOY                             LAKAS NUCD-UMDP          16,429","3/9","ILOCOS SUR","01","board member","1ST DISTRICT"," 16,429",NA,"ARGEL, FACIFICO L.","LAKAS NUCD-UMDP",TRUE
"64","ENCARNACION, NOEL S.            NOEL                               REPORMA                  9,192","3/9","ILOCOS SUR","01","board member","1ST DISTRICT"," 9,192",NA,"ENCARNACION, NOEL S.","REPORMA",TRUE
"65","PINTOR, JOSEPH A.            JOJO                             INDEPENDENT              7,482","4/9","ILOCOS SUR","01","board member","1ST DISTRICT"," 7,482",NA,"PINTOR, JOSEPH A.","INDEPENDENT",TRUE
"66","TORRICES, NELSON T.          NELSON                           REPORMA                   765","4/9","ILOCOS SUR","01","board member","1ST DISTRICT"," 765",NA,"TORRICES, NELSON T.","REPORMA",TRUE
"67","BISTOYONG, ALEXANDER G.      ALEX                             INDEPENDENT              56,764   May 14,1998","4/9","ILOCOS SUR","01","board member","2ND DISTRICT"," 56,764","May 14,1998","BISTOYONG, ALEXANDER G.","INDEPENDENT",TRUE
"68","BALBIN, CANDIDO JR. P.       DODI                             LAMMP                    56,023   May 14,1998","4/9","ILOCOS SUR","01","board member","2ND DISTRICT"," 56,023","May 14,1998","BALBIN, CANDIDO JR. P.","LAMMP",TRUE
"69","BITENG, JONATHAN S.          JON                              LAKAS NUCD-UMDP          48,555   May 14,1998","4/9","ILOCOS SUR","01","board member","2ND DISTRICT"," 48,555","May 14,1998","BITENG, JONATHAN S.","LAKAS NUCD-UMDP",TRUE
"70","EUROPA, ANNA LIZA V.         ANNE                             LAMMP                    46,901   May 14,1998","4/9","ILOCOS SUR","01","board member","2ND DISTRICT"," 46,901","May 14,1998","EUROPA, ANNA LIZA V.","LAMMP",TRUE
"71","GIRONELLA, LEONOFRE G.       LOFRE                            LAKAS NUCD-UMDP          43,873   May 14,1998","4/9","ILOCOS SUR","01","board member","2ND DISTRICT"," 43,873","May 14,1998","GIRONELLA, LEONOFRE G.","LAKAS NUCD-UMDP",TRUE
"72","CORTEZ, WILFREDO R.          WILLY                            LAMMP                    41,928","4/9","ILOCOS SUR","01","board member","2ND DISTRICT"," 41,928",NA,"CORTEZ, WILFREDO R.","LAMMP",TRUE
"73","ELAYDO, CHESTER A.           CHESSY                           LAKAS NUCD-UMDP          40,341","4/9","ILOCOS SUR","01","board member","2ND DISTRICT"," 40,341",NA,"ELAYDO, CHESTER A.","LAKAS NUCD-UMDP",TRUE
"74","CORDERO, ESTELITA D.         TILLIE                           LAMMP                    36,103","4/9","ILOCOS SUR","01","board member","2ND DISTRICT"," 36,103",NA,"CORDERO, ESTELITA D.","LAMMP",TRUE
"75","CORDERO, GREGORIO B.         GOYING                           LAKAS NUCD-UMDP          35,309","4/9","ILOCOS SUR","01","board member","2ND DISTRICT"," 35,309",NA,"CORDERO, GREGORIO B.","LAKAS NUCD-UMDP",TRUE
"76","TUDLONG, BERNARDO A.         BERNARD                          LAMMP                    34,055","4/9","ILOCOS SUR","01","board member","2ND DISTRICT"," 34,055",NA,"TUDLONG, BERNARDO A.","LAMMP",TRUE
"77","RAPANUT, GEORGE J.           GEORGE                           REPORMA                  5,851","4/9","ILOCOS SUR","01","board member","2ND DISTRICT"," 5,851",NA,"RAPANUT, GEORGE J.","REPORMA",TRUE
"78","RUIZ, SILVERIO C.            SILVER                           REPORMA                  2,307","4/9","ILOCOS SUR","01","board member","2ND DISTRICT"," 2,307",NA,"RUIZ, SILVERIO C.","REPORMA",TRUE
"79","CAMBE, ERNEST C.             ROBERT                           REPORMA                  1,490","4/9","ILOCOS SUR","01","board member","2ND DISTRICT"," 1,490",NA,"CAMBE, ERNEST C.","REPORMA",TRUE
"80","ORTEGA, MANUEL C.                 MANOLING                          LAKAS NUCD-UMDP          67,377   May 16,1998","5/9","LA UNION","01","congressman","1ST DISTRICT"," 67,377","May 16,1998","ORTEGA, MANUEL C.","LAKAS NUCD-UMDP",TRUE
"81","LEDDA, CASIANO Z.                 -                                 LAMMP                    57,399","5/9","LA UNION","01","congressman","1ST DISTRICT"," 57,399",NA,"LEDDA, CASIANO Z.","",TRUE
"82","GALLARDO, FERNANDO SR. Q.         -                                 LP                       1,398","5/9","LA UNION","01","congressman","1ST DISTRICT"," 1,398",NA,"GALLARDO, FERNANDO SR. Q.","",TRUE
"83","DUMPIT, TOMAS M.                  TOM                               LAMMP                    47,692   May 15,1998","5/9","LA UNION","01","congressman","2ND DISTRICT"," 47,692","May 15,1998","DUMPIT, TOMAS M.","LAMMP",TRUE
"84","RIMANDO, FRANCO F.                -                                 LAKAS NUCD-UMDP          29,100","5/9","LA UNION","01","congressman","2ND DISTRICT"," 29,100",NA,"RIMANDO, FRANCO F.","",TRUE
"85","SOBREPE헤, WILLIAM RUSSELL L.     -                                 LAKAS NUCD-UMDP          24,981","5/9","LA UNION","01","congressman","2ND DISTRICT"," 24,981",NA,"SOBREPE헤, WILLIAM RUSSELL L.","",TRUE
"86","OLARTE, PABLO M.                  -                                 NPC                      18,544","5/9","LA UNION","01","congressman","2ND DISTRICT"," 18,544",NA,"OLARTE, PABLO M.","",TRUE
"87","YORO, DIOSCORO JR. E.             ELY                               LP                       15,109","5/9","LA UNION","01","congressman","2ND DISTRICT"," 15,109",NA,"YORO, DIOSCORO JR. E.","LP",TRUE
"88","ORROS, JUSTO JR. O.               TITO                              LAKAS NUCD-UMDP         159,896   May 16,1998","5/9","LA UNION","01","governor",""," 159,896","May 16,1998","ORROS, JUSTO JR. O.","LAKAS NUCD-UMDP",TRUE
"89","ASPIRAS, JOSE D.                  PEPITO                            LAMMP                   100,018","5/9","LA UNION","01","governor",""," 100,018",NA,"ASPIRAS, JOSE D.","LAMMP",TRUE
"90","NISCE, AUGUSTO AUREO Q.           NICE                              LAKAS NUCD-UMDP         150,373   May 16,1998","5/9","LA UNION","01","vice governor",""," 150,373","May 16,1998","NISCE, AUGUSTO AUREO Q.","LAKAS NUCD-UMDP",TRUE
"91","DULAY, ROBERT V.                  BOBBY                             LAMMP                    86,917","5/9","LA UNION","01","vice governor",""," 86,917",NA,"DULAY, ROBERT V.","LAMMP",TRUE
"92","GALLARDO, GIL C.                  -                                 KBL                      6,934","5/9","LA UNION","01","vice governor",""," 6,934",NA,"GALLARDO, GIL C.","",TRUE
"93","BACUNGAN, EDGAR T.                -                                 LP                       3,320","5/9","LA UNION","01","vice governor",""," 3,320",NA,"BACUNGAN, EDGAR T.","",TRUE
"94","VILORIA, GERARDO A.               GERRY                             LAKAS NUCD-UMDP          61,016   May 16,1998","5/9","LA UNION","01","board member","1ST DISTRICT"," 61,016","May 16,1998","VILORIA, GERARDO A.","LAKAS NUCD-UMDP",TRUE
"95","MONSUELA, REYNALDO M.             REY                               LAKAS NUCD-UMDP          58,943   May 16,1998","5/9","LA UNION","01","board member","1ST DISTRICT"," 58,943","May 16,1998","MONSUELA, REYNALDO M.","LAKAS NUCD-UMDP",TRUE
"96","ORTEGA, FRANCISCO EMMANUEL III R. PACOY                             LAKAS NUCD-UMDP          56,090   May 16,1998","5/9","LA UNION","01","board member","1ST DISTRICT"," 56,090","May 16,1998","ORTEGA, FRANCISCO EMMANUEL III R. PACOY","",TRUE
"97","CONCEPCION, AL-FRED O.            AL-FRED                           LAKAS NUCD-UMDP          47,297   May 16,1998","5/9","LA UNION","01","board member","1ST DISTRICT"," 47,297","May 16,1998","CONCEPCION, AL-FRED O.","LAKAS NUCD-UMDP",TRUE
"98","ORTEGA, CARLOS N.                 TITING                            NPC                      46,798   May 16,1998","5/9","LA UNION","01","board member","1ST DISTRICT"," 46,798","May 16,1998","ORTEGA, CARLOS N.","NPC",TRUE
"99","LEWIS, ARNOLD M.                  -                                 LAKAS NUCD-UMDP          39,934","5/9","LA UNION","01","board member","1ST DISTRICT"," 39,934",NA,"LEWIS, ARNOLD M.","",TRUE
"100","BALCITA, QUINTIN JR. L.           -                                 INDEPENDENT              31,900","5/9","LA UNION","01","board member","1ST DISTRICT"," 31,900",NA,"BALCITA, QUINTIN JR. L.","",TRUE
"101","DYQUIANGCO, LORENZO O.            -                                 LAMMP                    22,877","5/9","LA UNION","01","board member","1ST DISTRICT"," 22,877",NA,"DYQUIANGCO, LORENZO O.","",TRUE
"102","COLOMA, JESUS C.                  -                                 LAMMP                    21,227","5/9","LA UNION","01","board member","1ST DISTRICT"," 21,227",NA,"COLOMA, JESUS C.","",TRUE
"103","PADILLA, FERDINAND R.             -                                 INDEPENDENT              15,472","5/9","LA UNION","01","board member","1ST DISTRICT"," 15,472",NA,"PADILLA, FERDINAND R.","",TRUE
"104","FLORENTINO, MARIANO Z.        -                               LAMMP                    14,906","6/9","LA UNION","01","board member","1ST DISTRICT"," 14,906",NA,"FLORENTINO, MARIANO Z.","",TRUE
"105","ORDO헲, ADELINO V.            -                               LAMMP                    13,573","6/9","LA UNION","01","board member","1ST DISTRICT"," 13,573",NA,"ORDO헲, ADELINO V.","",TRUE
"106","RIVERA, ROLANDO V.            RUDY                            NPC                      68,229   May 16,1998","6/9","LA UNION","01","board member","2ND DISTRICT"," 68,229","May 16,1998","RIVERA, ROLANDO V.","NPC",TRUE
"107","MORALES, HILARIO JUSTINO F.   JUST                            LAMMP                    54,251   May 16,1998","6/9","LA UNION","01","board member","2ND DISTRICT"," 54,251","May 16,1998","MORALES, HILARIO JUSTINO F.   JUST","",TRUE
"108","ESCALANTE, SOCORRO Z.         -                               NPC                      48,599   May 16,1998","6/9","LA UNION","01","board member","2ND DISTRICT"," 48,599","May 16,1998","ESCALANTE, SOCORRO Z.","",TRUE
"109","BACURNAY, HENRY JR. A.        BAC                             LP                       47,582   May 16,1998","6/9","LA UNION","01","board member","2ND DISTRICT"," 47,582","May 16,1998","BACURNAY, HENRY JR. A.","LP",TRUE
"110","RILLERA, RUPERTO JR. A.       JUN                             NPC                      39,841   May 16,1998","6/9","LA UNION","01","board member","2ND DISTRICT"," 39,841","May 16,1998","RILLERA, RUPERTO JR. A.","NPC",TRUE
"111","JULOYA, CHARLIE C.            -                               NPC                      32,381","6/9","LA UNION","01","board member","2ND DISTRICT"," 32,381",NA,"JULOYA, CHARLIE C.","",TRUE
"112","GARLITOS, FITERO JR. A.       FITZ                            LAKAS NUCD-UMDP          32,043","6/9","LA UNION","01","board member","2ND DISTRICT"," 32,043",NA,"GARLITOS, FITERO JR. A.","LAKAS NUCD-UMDP",TRUE
"113","PANEDA, AGUSTIN F.            USTING                          LAMMP                    31,175","6/9","LA UNION","01","board member","2ND DISTRICT"," 31,175",NA,"PANEDA, AGUSTIN F.","LAMMP",TRUE
"114","ESTRADA, ANTONIO C.           -                               LAKAS NUCD-UMDP          25,276","6/9","LA UNION","01","board member","2ND DISTRICT"," 25,276",NA,"ESTRADA, ANTONIO C.","",TRUE
"115","ESTIGOY, ANDRES JR. S.        -                               LAKAS NUCD-UMDP          15,063","6/9","LA UNION","01","board member","2ND DISTRICT"," 15,063",NA,"ESTIGOY, ANDRES JR. S.","",TRUE
"116","CALICA, CAMILO A.             -                               KBL                      13,097","6/9","LA UNION","01","board member","2ND DISTRICT"," 13,097",NA,"CALICA, CAMILO A.","",TRUE
"117","HIDALGO, RODELIO D.           -                               INDEPENDENT              9,621","6/9","LA UNION","01","board member","2ND DISTRICT"," 9,621",NA,"HIDALGO, RODELIO D.","",TRUE
"118","FLORENDO, MELQUIADES R.       -                               INDEPENDENT              7,790","6/9","LA UNION","01","board member","2ND DISTRICT"," 7,790",NA,"FLORENDO, MELQUIADES R.","",TRUE
"119","DUMAGUING, IRENEO F.          BOLE                            INDEPENDENT              5,365","6/9","LA UNION","01","board member","2ND DISTRICT"," 5,365",NA,"DUMAGUING, IRENEO F.","INDEPENDENT",TRUE
"120","BRAGANZA, HERNANI A.            NANI                                LAKAS NUCD-UMDP         108,604   May 16,1998","7/9","PANGASINAN","01","congressman","1ST DISTRICT"," 108,604","May 16,1998","BRAGANZA, HERNANI A.","LAKAS NUCD-UMDP",TRUE
"121","CRUZ, TEODORO C.                TED                                 LAMMP                    80,119 September 3,1998","7/9","PANGASINAN","01","congressman","2ND DISTRICT"," 80,119","September 3,1998","CRUZ, TEODORO C.","LAMMP",TRUE
"122","BENGSON, ANTONIO III E.         JOE                                 LAKAS NUCD-UMDP          53,448","7/9","PANGASINAN","01","congressman","2ND DISTRICT"," 53,448",NA,"BENGSON, ANTONIO III E.","LAKAS NUCD-UMDP",TRUE
"123","ZAMUCO, ALBERTO B.              BERT                                REPORMA                  11,941","7/9","PANGASINAN","01","congressman","2ND DISTRICT"," 11,941",NA,"ZAMUCO, ALBERTO B.","REPORMA",TRUE
"124","CASTRO, MANUEL R.               MANET                               REPORMA                   622","7/9","PANGASINAN","01","congressman","2ND DISTRICT"," 622",NA,"CASTRO, MANUEL R.","REPORMA",TRUE
"125","PADLAN, MARIANO A.              MANING                              INDEPENDENT               171","7/9","PANGASINAN","01","congressman","2ND DISTRICT"," 171",NA,"PADLAN, MARIANO A.","INDEPENDENT",TRUE
"126","TULAGAN, GENEROSO D.            GENER                               LAMMP                    91,888   May 16,1998","7/9","PANGASINAN","01","congressman","3RD DISTRICT"," 91,888","May 16,1998","TULAGAN, GENEROSO D.","LAMMP",TRUE
"127","ACU헤, ERIC GALO P.             ERIC                                LAKAS NUCD-UMDP          88,163","7/9","PANGASINAN","01","congressman","3RD DISTRICT"," 88,163",NA,"ACU헤, ERIC GALO P.","LAKAS NUCD-UMDP",TRUE
"128","SAMSON, GABINO L.               GAB                                 INDEPENDENT              1,074","7/9","PANGASINAN","01","congressman","3RD DISTRICT"," 1,074",NA,"SAMSON, GABINO L.","INDEPENDENT",TRUE
"129","ABRIGO, SERGIA D.               BING                                INDEPENDENT               882","7/9","PANGASINAN","01","congressman","3RD DISTRICT"," 882",NA,"ABRIGO, SERGIA D.","INDEPENDENT",TRUE
"130","LIM, BENJAMIN S.                BENJIE                              LAKAS NUCD-UMDP          72,027   May 16,1998","7/9","PANGASINAN","01","congressman","4TH DISTRICT"," 72,027","May 16,1998","LIM, BENJAMIN S.","LAKAS NUCD-UMDP",TRUE
"131","DE VENECIA, TERESITA F.         DOCTORA TESSIE                      INDEPENDENT              63,730","7/9","PANGASINAN","01","congressman","4TH DISTRICT"," 63,730",NA,"DE VENECIA, TERESITA F.","INDEPENDENT",TRUE
"132","FERNANDEZ, OSCAR C.             OSCAR                               INDEPENDENT              2,253","7/9","PANGASINAN","01","congressman","4TH DISTRICT"," 2,253",NA,"FERNANDEZ, OSCAR C.","INDEPENDENT",TRUE
"133","SIAPNO, JUAN JR. C.             JOHNNY                              LAMMP                    1,840","7/9","PANGASINAN","01","congressman","4TH DISTRICT"," 1,840",NA,"SIAPNO, JUAN JR. C.","LAMMP",TRUE
"134","MANAOIS, RAMONCITO F.           CHITO                               KBL                      1,042","7/9","PANGASINAN","01","congressman","4TH DISTRICT"," 1,042",NA,"MANAOIS, RAMONCITO F.","KBL",TRUE
"135","CAPULONG, MODESTO M.            KA PULONG                           INDEPENDENT               204","7/9","PANGASINAN","01","congressman","4TH DISTRICT"," 204",NA,"CAPULONG, MODESTO M.","INDEPENDENT",TRUE
"136","TORIO, CIPRIANO JR. C.          -                                   INDEPENDENT                87","7/9","PANGASINAN","01","congressman","4TH DISTRICT"," 87",NA,"TORIO, CIPRIANO JR. C.","",TRUE
"137","PEREZ, AMADEO JR. R.            AMADITO                             LAKAS NUCD-UMDP         137,085   May 16,1998","7/9","PANGASINAN","01","congressman","5TH DISTRICT"," 137,085","May 16,1998","PEREZ, AMADEO JR. R.","LAKAS NUCD-UMDP",TRUE
"138","SHAHANI, RANJIT R.              RANJIT                              LAKAS NUCD-UMDP         114,969   May 16,1998","7/9","PANGASINAN","01","congressman","6TH DISTRICT"," 114,969","May 16,1998","SHAHANI, RANJIT R.","LAKAS NUCD-UMDP",TRUE
"139","MICU, EMILIANO S.               BULLDOG                             LAMMP                    20,006","7/9","PANGASINAN","01","congressman","6TH DISTRICT"," 20,006",NA,"MICU, EMILIANO S.","LAMMP",TRUE
"140","AGBAYANI, VICTOR AGUEDO E.      VICTOR                              INDEPENDENT             445,800   May 16,1998","7/9","PANGASINAN","01","governor",""," 445,800","May 16,1998","AGBAYANI, VICTOR AGUEDO E.","INDEPENDENT",TRUE
"141","SHAHANI, LETICIA R.             LETTY                               LAKAS NUCD-UMDP         342,104","7/9","PANGASINAN","01","governor",""," 342,104",NA,"SHAHANI, LETICIA R.","LAKAS NUCD-UMDP",TRUE
"142","PRIMICIAS, CIPRIANO JR. T.      TITO                                LAMMP                    38,066","7/9","PANGASINAN","01","governor",""," 38,066",NA,"PRIMICIAS, CIPRIANO JR. T.","LAMMP",TRUE
"143","LAMBINO, OSCAR B.              OCA                               LAKAS NUCD-UMDP         384,498   May 16,1998","8/9","PANGASINAN","01","vice governor",""," 384,498","May 16,1998","LAMBINO, OSCAR B.","LAKAS NUCD-UMDP",TRUE
"144","GUICO, RAMON JR. N.            MONCHING                          INDEPENDENT             200,971","8/9","PANGASINAN","01","vice governor",""," 200,971",NA,"GUICO, RAMON JR. N.","INDEPENDENT",TRUE
"145","FERRER, ROBERTO N.             BOBBY                             LAMMP                   133,503","8/9","PANGASINAN","01","vice governor",""," 133,503",NA,"FERRER, ROBERTO N.","LAMMP",TRUE
"146","BARAAN, FRANCISCO III F.       TOTI                              LAKAS NUCD-UMDP          75,912   May 16,1998","8/9","PANGASINAN","01","board member","1ST DISTRICT"," 75,912","May 16,1998","BARAAN, FRANCISCO III F.","LAKAS NUCD-UMDP",TRUE
"147","CANTOR, AMADO N.               FISCAL                            LAMMP                    24,382","8/9","PANGASINAN","01","board member","1ST DISTRICT"," 24,382",NA,"CANTOR, AMADO N.","LAMMP",TRUE
"148","MENDOZA, VON MARK R.           VON                               LAMMP                    59,096   May 16,1998","8/9","PANGASINAN","01","board member","2ND DISTRICT"," 59,096","May 16,1998","MENDOZA, VON MARK R.","LAMMP",TRUE
"149","CARONONGAN, ARTHEL B.          ART                               LAKAS NUCD-UMDP          45,801   May 16,1998","8/9","PANGASINAN","01","board member","2ND DISTRICT"," 45,801","May 16,1998","CARONONGAN, ARTHEL B.","LAKAS NUCD-UMDP",TRUE
"150","AMOR, JUAN L.                  JOHNNY                            INDEPENDENT              43,669","8/9","PANGASINAN","01","board member","2ND DISTRICT"," 43,669",NA,"AMOR, JUAN L.","INDEPENDENT",TRUE
"151","DE LEON, ROMUALDO D.           ROMY                              LAKAS NUCD-UMDP          38,373","8/9","PANGASINAN","01","board member","2ND DISTRICT"," 38,373",NA,"DE LEON, ROMUALDO D.","LAKAS NUCD-UMDP",TRUE
"152","MERRERA, ARSENIO A.            DINDO                             LAMMP                    32,664","8/9","PANGASINAN","01","board member","2ND DISTRICT"," 32,664",NA,"MERRERA, ARSENIO A.","LAMMP",TRUE
"153","VIRAY, FORTUNATO JR. L.        JUN                               INDEPENDENT              10,394","8/9","PANGASINAN","01","board member","2ND DISTRICT"," 10,394",NA,"VIRAY, FORTUNATO JR. L.","INDEPENDENT",TRUE
"154","VERZOSA, MARCELO O.            MAR                               LM                       1,949","8/9","PANGASINAN","01","board member","2ND DISTRICT"," 1,949",NA,"VERZOSA, MARCELO O.","LM",TRUE
"155","SAMSON, MAC ARTHUR JR. C.      JUN                               LAKAS NUCD-UMDP          75,866   May 16,1998","8/9","PANGASINAN","01","board member","3RD DISTRICT"," 75,866","May 16,1998","SAMSON, MAC ARTHUR JR. C.","LAKAS NUCD-UMDP",TRUE
"156","BANIQUED, ANGEL SR. G.         BANI                              INDEPENDENT              56,738   May 16,1998","8/9","PANGASINAN","01","board member","3RD DISTRICT"," 56,738","May 16,1998","BANIQUED, ANGEL SR. G.","INDEPENDENT",TRUE
"157","SORIANO, LEX D.                ALEXIS                            LAMMP                    43,608","8/9","PANGASINAN","01","board member","3RD DISTRICT"," 43,608",NA,"SORIANO, LEX D.","LAMMP",TRUE
"158","BAUTISTA, FELICIANO M.         ATOS                              REPORMA                  35,362","8/9","PANGASINAN","01","board member","3RD DISTRICT"," 35,362",NA,"BAUTISTA, FELICIANO M.","REPORMA",TRUE
"159","TAMAYO, RAUL P.                INSIYONG                          INDEPENDENT              34,671","8/9","PANGASINAN","01","board member","3RD DISTRICT"," 34,671",NA,"TAMAYO, RAUL P.","INDEPENDENT",TRUE
"160","BRAVO, ERNESTO S.              ERNING                            INDEPENDENT              31,262","8/9","PANGASINAN","01","board member","3RD DISTRICT"," 31,262",NA,"BRAVO, ERNESTO S.","INDEPENDENT",TRUE
"161","BULATAO, VICTOR M.             VICTOR                            LAKAS NUCD-UMDP          29,592","8/9","PANGASINAN","01","board member","3RD DISTRICT"," 29,592",NA,"BULATAO, VICTOR M.","LAKAS NUCD-UMDP",TRUE
"162","PASCUAL, NESTOR C.             NES                               KBL                      1,975","8/9","PANGASINAN","01","board member","3RD DISTRICT"," 1,975",NA,"PASCUAL, NESTOR C.","KBL",TRUE
"163","ROSARIO, JOHN JOHN AGERICO B.  JOHN                              INDEPENDENT              47,675   May 16,1998","8/9","PANGASINAN","01","board member","4TH DISTRICT"," 47,675","May 16,1998","ROSARIO, JOHN JOHN AGERICO B.  JOHN","",TRUE
"164","GUBATAN, CONRADO P.            DADO                              LAKAS NUCD-UMDP          30,583","8/9","PANGASINAN","01","board member","4TH DISTRICT"," 30,583",NA,"GUBATAN, CONRADO P.","LAKAS NUCD-UMDP",TRUE
"165","CARANCHO, EMMANUEL C.          MANOY                             LAKAS NUCD-UMDP          74,878   May 16,1998","8/9","PANGASINAN","01","board member","5TH DISTRICT"," 74,878","May 16,1998","CARANCHO, EMMANUEL C.","LAKAS NUCD-UMDP",TRUE
"166","VILLAR, DIONISIO JR. A.        SAFFE                             LAKAS NUCD-UMDP          59,118   May 16,1998","8/9","PANGASINAN","01","board member","5TH DISTRICT"," 59,118","May 16,1998","VILLAR, DIONISIO JR. A.","LAKAS NUCD-UMDP",TRUE
"167","UY, DANILO C.                  DANNY                             LAMMP                    55,096","8/9","PANGASINAN","01","board member","5TH DISTRICT"," 55,096",NA,"UY, DANILO C.","LAMMP",TRUE
"168","ANTINIW, MANUELA A.            TITA                              LAKAS NUCD-UMDP          36,687","8/9","PANGASINAN","01","board member","5TH DISTRICT"," 36,687",NA,"ANTINIW, MANUELA A.","LAKAS NUCD-UMDP",TRUE
"169","MATEO, LORENZO M.              GENERAL                           REPORMA                  21,205","8/9","PANGASINAN","01","board member","5TH DISTRICT"," 21,205",NA,"MATEO, LORENZO M.","REPORMA",TRUE
"170","TABULA, ALEJANDRO T.         ANDRONG                          INDEPENDENT              6,126","9/9","PANGASINAN","01","board member","5TH DISTRICT"," 6,126",NA,"TABULA, ALEJANDRO T.","INDEPENDENT",TRUE
"171","BINCE, ALFONSO JR. C.        ALFIE                            REPORMA                  52,239   May 16,1998","9/9","PANGASINAN","01","board member","6TH DISTRICT"," 52,239","May 16,1998","BINCE, ALFONSO JR. C.","REPORMA",TRUE
"172","PRIMICIAS, MARLYN L.         LEN                              LAMMP                    50,428   May 16,1998","9/9","PANGASINAN","01","board member","6TH DISTRICT"," 50,428","May 16,1998","PRIMICIAS, MARLYN L.","LAMMP",TRUE
"173","VIRAY, JOSELINO A.           JING                             REPORMA                  38,302","9/9","PANGASINAN","01","board member","6TH DISTRICT"," 38,302",NA,"VIRAY, JOSELINO A.","REPORMA",TRUE
"174","LAW, ROGELIO D.              ROGER                            LAKAS NUCD-UMDP          37,710","9/9","PANGASINAN","01","board member","6TH DISTRICT"," 37,710",NA,"LAW, ROGELIO D.","LAKAS NUCD-UMDP",TRUE
"175","ZARAGOZA, GUERRERO E.        GUERRA                           LAKAS NUCD-UMDP          28,145","9/9","PANGASINAN","01","board member","6TH DISTRICT"," 28,145",NA,"ZARAGOZA, GUERRERO E.","LAKAS NUCD-UMDP",TRUE
"176","SANSANO, HUGO B.             HUGO                             LAMMP                    15,318","9/9","PANGASINAN","01","board member","6TH DISTRICT"," 15,318",NA,"SANSANO, HUGO B.","LAMMP",TRUE
"177","GUILLERMO, JOSE ANTONIO M.   PEPING                           LAKAS NUCD-UMDP          13,604","9/9","PANGASINAN","01","board member","6TH DISTRICT"," 13,604",NA,"GUILLERMO, JOSE ANTONIO M.   PEPING","",TRUE
"178","BADUNGAO, VICENTE P.         ANTON                            KBL                       851","9/9","PANGASINAN","01","board member","6TH DISTRICT"," 851",NA,"BADUNGAO, VICENTE P.","KBL",TRUE
